key,code,start-time,end-time,mark,link,key:codeAudit
auditRecord-01,AU-0000-000,2021/12/03 17:00,2021/12/03 17:59,A_PLUS,http://www.auditor1.com,codeAudit-01
auditRecord-02,AU-0000-001,2021/11/03 17:00,2021/11/03 18:00,C,http://www.auditor2.com,codeAudit-01
auditRecord-03,AU-0000-002,2021/11/03 17:00,2021/11/03 18:00,F_MINUS,https://www.adservio.fr/post/meaning-of-code-audit-when-and-why-we-needed-it,codeAudit-01
auditRecord-04,AU-0000-003,2021/10/03 17:00,2021/10/03 18:00,A_PLUS,http://www.auditor4.commmmmmmmmmmmmmmmmmmmmmmmmmmmmmmmmmmmmmmmmmmmmmmmmmmmmmmmmmmmmmmmmmmmmmmmmmmmmmmmmmmmmmmmmmmmmmmmmmmmmmmmmmmmmmmmmmmmmmmmmmmmmmmmmmmmmmmmmmmmmmmmmmmmmmmmmmmmmmmmmmmmmmmmmmmmmmmmmmmmmmmmmmmmmmmmmmmmmmmmmmmmmmmmmmmmmmmmmmmmmmmmmmmmmm,codeAudit-01
auditRecord-05,AU-0000-004,2021/11/03 17:00,2021/11/03 18:00,B,http://www.auditor2.com,codeAudit-01
auditRecord-06,AU-0000-005,2021/11/03 17:00,2021/11/03 18:00,C,http://www.auditor2.com,codeAudit-01
auditRecord-07,AU-0000-006,2021/11/03 17:00,2021/11/03 18:00,C,http://www.auditor2.com,codeAudit-01
auditRecord-08,AU-0000-007,2021/11/03 17:00,2021/11/03 18:00,C,http://www.auditor2.com,codeAudit-01
auditRecord-09,AU-0000-008,2021/11/03 17:00,2021/11/03 18:00,C,http://www.auditor2.com,codeAudit-01
auditRecord-10,AU-0000-009,2021/11/03 17:00,2021/11/03 18:00,C,http://www.auditor2.com,codeAudit-01
auditRecord-11,AU-0000-010,2021/11/03 17:00,2021/11/03 18:00,C,http://www.auditor2.com,codeAudit-01
auditRecord-12,AU-0000-011,2021/11/03 17:00,2021/11/03 19:00,C,http://www.auditor2.com,codeAudit-01
